product_name,price
LG전자 120cm OLED TV  설치유형 선택가능,1405800
LG전자 80cm HD TV  스탠드형,291400
삼성전자 163 cm Crystal UHD KR ,1041800
삼성전자 189 cm Crystal UHD KR  JBL 스피커 무상증정 혜택,1448000
LG전자 163cm 울트라HD TV  설치유형 선택가능,1073400
삼성전자 214cm Crystal UHD KR  JBL 스피커 무상증정 혜택,2287000
LG전자 163cm 울트라HD TV  스탠드형,1073400
프리즘코리아 ,116600
삼성전자 138cm UHD TV KR 설치유형 선택가능,813400
LG전자 추가혜택확인 68cm 스탠바이미 TV ,949200
유맥스  109cm FHD TV  설치유형 선택가능,226080
프리즘코리아 ,185600
LG전자  189cm UHD 나노셀 TV  관부가세 해외배송비 포함,1635680
삼성전자 214cm Crystal UHD KR 설치유형 선택가능,2287000
LG전자 138cm 울트라HD TV  설치유형선택가능,806600
삼성전자 189 cm Crystal UHD KR 설치유형 선택가능,1448000
LG전자  219cm TV  2021년 나노셀 새제품 관부가세 해외배송비 포함,2366150
유맥스  127cm UHD TV  설치유형 선택가능,299680
더함 ,373280
유맥스 81cm HD TV  설치유형 전용 액세서리 선택구매 가능,145800
더함 ,695280
삼성전자 125cm UHD TV KR 설치유형 선택가능,751400
LG전자  218cm TV  2021년 나노셀 새제품관부가세해외배송비 포함,2907920
삼성전자 125cm 더 세리프 4K UHD TV KR 클라우드 화이트,1496600
LG전자  218cm 4K UHD TV  관부가세 해외배송비 포함 NEW,2204080
LG전자 120cm OLED TV  설치유형 선택가능,991800
삼성전자 138cm Crystal Processor 4K UHD KR 설치유형 선택가능,806600
유맥스 165cm UHD 스마트 TV   설치유형. 전용 악세서리 선택구매 가능,476040
유맥스 165cm UHD TV  스탠드 자가설치,476040
삼성전자 108cm43  4K  ,543240
프리즘코리아 ,474480
삼성전자 126cm50  4K 사이니지 ,658440
LG전자 189cm 울트라HD TV  설치유형 선택가능,1607000
더함 109cm UHD 노바 스마트 TV  설치유형선택,293640
삼성전자 214cm Crystal 4K UHD KR  JBL 스피커 무상증정 혜택,2287800
LG전자 189cm UHD 나노셀 TV  ,2387000
유맥스  109cm UHD TV AI43 옵션선택형,318080
더함 ,437680
LG전자   TV 2021 NANO 씨리즈   ,1635680
삼성전자 108cm FHD TV KR,475400
LG전자 120cm OLED TV  설치유형 선택가능,1405800
LG전자 80cm HD TV  스탠드형,291400
삼성전자 163 cm Crystal UHD KR ,1041800
삼성전자 189 cm Crystal UHD KR  JBL 스피커 무상증정 혜택,1448000
LG전자 163cm 울트라HD TV  설치유형 선택가능,1073400
삼성전자 214cm Crystal UHD KR  JBL 스피커 무상증정 혜택,2287000
LG전자 163cm 울트라HD TV  스탠드형,1073400
프리즘코리아 ,116600
삼성전자 138cm UHD TV KR 설치유형 선택가능,813400
LG전자 추가혜택확인 68cm 스탠바이미 TV ,949200
유맥스  109cm FHD TV  설치유형 선택가능,226080
프리즘코리아 ,185600
LG전자  189cm UHD 나노셀 TV  관부가세 해외배송비 포함,1635680
삼성전자 214cm Crystal UHD KR 설치유형 선택가능,2287000
LG전자 138cm 울트라HD TV  설치유형선택가능,806600
삼성전자 189 cm Crystal UHD KR 설치유형 선택가능,1448000
LG전자  219cm TV  2021년 나노셀 새제품 관부가세 해외배송비 포함,2366150
유맥스  127cm UHD TV  설치유형 선택가능,299680
더함 ,373280
유맥스 81cm HD TV  설치유형 전용 액세서리 선택구매 가능,145800
더함 ,695280
삼성전자 125cm UHD TV KR 설치유형 선택가능,751400
LG전자  218cm TV  2021년 나노셀 새제품관부가세해외배송비 포함,2907920
삼성전자 125cm 더 세리프 4K UHD TV KR 클라우드 화이트,1496600
LG전자  218cm 4K UHD TV  관부가세 해외배송비 포함 NEW,2204080
LG전자 120cm OLED TV  설치유형 선택가능,991800
삼성전자 138cm Crystal Processor 4K UHD KR 설치유형 선택가능,806600
유맥스 165cm UHD 스마트 TV   설치유형. 전용 악세서리 선택구매 가능,476040
유맥스 165cm UHD TV  스탠드 자가설치,476040
삼성전자 108cm43  4K  ,543240
프리즘코리아 ,474480
삼성전자 126cm50  4K 사이니지 ,658440
LG전자 189cm 울트라HD TV  설치유형 선택가능,1607000
더함 109cm UHD 노바 스마트 TV  설치유형선택,293640
삼성전자 214cm Crystal 4K UHD KR  JBL 스피커 무상증정 혜택,2287800
LG전자 189cm UHD 나노셀 TV  ,2387000
유맥스  109cm UHD TV AI43 옵션선택형,318080
더함 ,437680
LG전자   TV 2021 NANO 씨리즈   ,1635680
삼성전자 108cm FHD TV KR,475400
삼성전자 비스포크 4도어 냉장고  875L  메탈 포함,1050200
삼성전자  비스포크 4도어 냉장고  875L 코타화이트,1386200
삼성전자  비스포크 4도어 냉장고  875L 글램 라벤더,1205880
LG전자  DIOS 양문형 냉장고 매직스페이스  832L,1101000
LG전자  DIOS 매직스페이스 양문형 냉장고  826L,1001000
LG전자  DIOS 더블매직스페이스 메탈 냉장고  870L,2197000
LG전자  디오스  양문형냉장고 832L,1017000
캐리어 클라윈드 양문형냉장고  570L 블랙에디션,641000
삼성전자  양문형 정수기 냉장고  805L,1423000
LG전자  디오스 냉장고 R 870L,1415000
삼성전자  비스포크 4도어 냉장고  875L글램화이트글램핑크,1478200
삼성전자  양문형 냉장고  846L,1057000
삼성전자  양문형 냉장고  635L,1159800
LG전자 ,1323000
삼성전자  비스포크 4도어 냉장고  875L 브라우니실버,1294200
위니아딤채 4도어 냉장고  479L 세미빌트인,990600
LG전자 ,1413800
하이메이드  4도어 글램글라스 인버터 냉장고  세미빌트인 433L 화이트,687000
삼성전자 양문형 냉장고  846L,1441400
삼성전자 양문형 냉장고  846L,1699000
삼성전자  비스포크 4도어 냉장고  875L글램화이트새틴베이지,1478200
LG전자  디오스 매직스페이스 오브제 냉장고  832L,1553000
위니아딤채 양문형 냉장고  540L,648840
삼성전자  비스포크 4도어 냉장고  866L 코타화이트,2159000
하이얼 양문형 냉장고  521L,834200
하이메이드 4도어 블랙에디션 냉장고  418L 세미빌트인,750480
삼성전자  비스포크 4도어 냉장고  875L 글램화이트,1478200
삼성전자 비스포크 키친핏 모델 페어설치자재mm 21년형,89000
위니아딤채 프렌치 냉장고 1 870L 1등급 샤인베이지 샤인민트,1735800
LG전자 DIOS 매직스페이스 양문형 냉장고  ,1561000
LG전자  디오스 매직스페이스 R 870L,1967000
위니아딤채 양문형 냉장고  550L,658440
위니아딤채 양문형 냉장고 1 801L 샤인라벤더 샤인베이지,1680600
LG전자 오브제 매직스페이스 노크온 냉장고  870L,3897000
캐리어 클라윈드 피트인 양문형 냉장고  431L 실버메탈,640080
위니아딤채 양문형 냉장고  718L 터치디스플레이,780440
위니아딤채 프렌치 4도어 냉장고 1 844L 1등급 베이지무광,3597000
삼성전자  비스포크 4도어 냉장고  875L 글램바닐라새틴베이지,1478200
LG전자  오브제 베이직 냉장고  870L  화이트,2159000
삼성전자  비스포크 4도어 냉장고  875L코타화이트코타차콜,1386200
삼성전자 비스포크 4도어 냉장고  875L  메탈 포함,1050200
삼성전자  비스포크 4도어 냉장고  875L 코타화이트,1386200
삼성전자  비스포크 4도어 냉장고  875L 글램 라벤더,1205880
LG전자  DIOS 양문형 냉장고 매직스페이스  832L,1101000
LG전자  DIOS 매직스페이스 양문형 냉장고  826L,1001000
LG전자  DIOS 더블매직스페이스 메탈 냉장고  870L,2197000
LG전자  디오스  양문형냉장고 832L,1017000
캐리어 클라윈드 양문형냉장고  570L 블랙에디션,641000
삼성전자  양문형 정수기 냉장고  805L,1423000
LG전자  디오스 냉장고 R 870L,1415000
삼성전자  비스포크 4도어 냉장고  875L글램화이트글램핑크,1478200
삼성전자  양문형 냉장고  846L,1057000
삼성전자  양문형 냉장고  635L,1159800
LG전자 ,1323000
삼성전자  비스포크 4도어 냉장고  875L 브라우니실버,1294200
위니아딤채 4도어 냉장고  479L 세미빌트인,990600
LG전자 ,1413800
하이메이드  4도어 글램글라스 인버터 냉장고  세미빌트인 433L 화이트,687000
삼성전자 양문형 냉장고  846L,1441400
삼성전자 양문형 냉장고  846L,1699000
삼성전자  비스포크 4도어 냉장고  875L글램화이트새틴베이지,1478200
LG전자  디오스 매직스페이스 오브제 냉장고  832L,1553000
위니아딤채 양문형 냉장고  540L,648840
삼성전자  비스포크 4도어 냉장고  866L 코타화이트,2159000
하이얼 양문형 냉장고  521L,834200
하이메이드 4도어 블랙에디션 냉장고  418L 세미빌트인,750480
삼성전자  비스포크 4도어 냉장고  875L 글램화이트,1478200
삼성전자 비스포크 키친핏 모델 페어설치자재mm 21년형,89000
위니아딤채 프렌치 냉장고 1 870L 1등급 샤인베이지 샤인민트,1735800
LG전자 DIOS 매직스페이스 양문형 냉장고  ,1561000
LG전자  디오스 매직스페이스 R 870L,1967000
위니아딤채 양문형 냉장고  550L,658440
위니아딤채 양문형 냉장고 1 801L 샤인라벤더 샤인베이지,1680600
LG전자 오브제 매직스페이스 노크온 냉장고  870L,3897000
캐리어 클라윈드 피트인 양문형 냉장고  431L 실버메탈,640080
위니아딤채 양문형 냉장고  718L 터치디스플레이,780440
위니아딤채 프렌치 4도어 냉장고 1 844L 1등급 베이지무광,3597000
삼성전자  비스포크 4도어 냉장고  875L 글램바닐라새틴베이지,1478200
LG전자  오브제 베이직 냉장고  870L  화이트,2159000
삼성전자  비스포크 4도어 냉장고  875L코타화이트코타차콜,1386200
삼성전자  비스포크 3도어 김치냉장고  도어선택형,963000
LG전자 디오스 김치냉장고  327L 화이트 1등급,1253400
LG전자 스탠드형 1도어 김치냉장고  324L 퓨어 1등급,843000
삼성전자  비스포크 김치냉장고  490L 리파인드 이녹스,1715000
위니아딤채 김치냉장고  330L 베이지 1등급,1570200
LG전자 ** 디오스 김치냉장고  402L 화이트 1등급,1757800
삼성전자  비스포크 김치냉장고  313L 코타 화이트,1147000
LG전자 오브제 컬렉션 김치냉장고  323L 베이지 1등급,2186600
삼성전자  김치냉장고  202L 리파인드 이녹스 1등급,639400
위니아딤채 김치냉장고  330L 화이트,1032000
위니아딤채 김치냉장고  418L 실버 1등급,1873800
삼성전자 비스포크 김치냉장고  313L 코타 화이트,1117000
삼성전자  김치냉장고  328L 리파인드 이녹스,1551800
위니아딤채 김치냉장고  418L 샤인 베이지민트 1등급,1929000
위니아딤채 김치냉장고  467L 피치 샌드 1등급,2627000
위니아딤채  김치냉장고  330L 실버,1071000
삼성전자  비스포크 김치냉장고  313L 코타 차콜,1147000
LG전자 오브제 컨버터블 스탠드형 김치냉장고  324L 베이지 1등급,1494200
위니아딤채 스탠드형 김치냉장고  102L 실버 1등급,797400
위니아딤채  스탠드형 김치냉장고  330L 티탄,979000
위니아딤채 김치냉장고  457L 화이트,1524200
LG전자 오브제 컬렉션 김치냉장고  491L 그린실버 1등급,3497000
위니아딤채 김치냉장고  330L 실버,1031080
LG전자 디오스 스탠드형 김치냉장고  505L 퓨어,2211800
위니아딤채 스탠드형 김치냉장고  100L 레드 1등급,537400
LG전자 오브제 컬렉션 김치냉장고  491L 핑크베이지 1등급,3247000
삼성전자  비스포크 김치냉장고  313L 코타 화이트,1377000
위니아딤채 김치냉장고  551L 베이지 슬레이트 1등급,2897000
위니아딤채 김치냉장고  541L 제이드린넨 1등급,2797000
LG전자 디오스 김치냉장고  402L 퓨어 1등급,2149800
삼성전자  김치냉장고  490L 더블실버 1등급,1695000
LG전자 오브제 컨버터블 스탠드형 김치냉장고  324L 실버 1등급,1524200
위니아딤채  스탠드형 김치냉장고  551L 딥실버,1793760
LG전자 오브제 컬렉션 김치냉장고  491L 블랙그레이 1등급,2997000
LG전자 디오스 김치냉장고  402L 샤이니 사피아노 1등급,2297000
위니아딤채 김치냉장고  330L 베이지 세레니티,1107440
LG전자 오브제 컬렉션 김치냉장고  491L 베이지핑크 1등급,3087000
LG전자 디오스 김치냉장고  327L 퓨어 1등급,1717400
LG전자 오브제 컬렉션 김치냉장고  324L 클레이브라운 1등급,1515000
위니아딤채 김치냉장고  428L 크림 1등급,1847120
삼성전자  비스포크 3도어 김치냉장고  도어선택형,963000
LG전자 디오스 김치냉장고  327L 화이트 1등급,1253400
LG전자 스탠드형 1도어 김치냉장고  324L 퓨어 1등급,843000
삼성전자  비스포크 김치냉장고  490L 리파인드 이녹스,1715000
위니아딤채 김치냉장고  330L 베이지 1등급,1570200
LG전자 ** 디오스 김치냉장고  402L 화이트 1등급,1757800
삼성전자  비스포크 김치냉장고  313L 코타 화이트,1147000
LG전자 오브제 컬렉션 김치냉장고  323L 베이지 1등급,2186600
삼성전자  김치냉장고  202L 리파인드 이녹스 1등급,639400
위니아딤채 김치냉장고  330L 화이트,1032000
위니아딤채 김치냉장고  418L 실버 1등급,1873800
삼성전자 비스포크 김치냉장고  313L 코타 화이트,1117000
삼성전자  김치냉장고  328L 리파인드 이녹스,1551800
위니아딤채 김치냉장고  418L 샤인 베이지민트 1등급,1929000
위니아딤채 김치냉장고  467L 피치 샌드 1등급,2627000
위니아딤채  김치냉장고  330L 실버,1071000
삼성전자  비스포크 김치냉장고  313L 코타 차콜,1147000
LG전자 오브제 컨버터블 스탠드형 김치냉장고  324L 베이지 1등급,1494200
위니아딤채 스탠드형 김치냉장고  102L 실버 1등급,797400
위니아딤채  스탠드형 김치냉장고  330L 티탄,979000
위니아딤채 김치냉장고  457L 화이트,1524200
LG전자 오브제 컬렉션 김치냉장고  491L 그린실버 1등급,3497000
위니아딤채 김치냉장고  330L 실버,1031080
LG전자 디오스 스탠드형 김치냉장고  505L 퓨어,2211800
위니아딤채 스탠드형 김치냉장고  100L 레드 1등급,537400
LG전자 오브제 컬렉션 김치냉장고  491L 핑크베이지 1등급,3247000
삼성전자  비스포크 김치냉장고  313L 코타 화이트,1377000
위니아딤채 김치냉장고  551L 베이지 슬레이트 1등급,2897000
위니아딤채 김치냉장고  541L 제이드린넨 1등급,2797000
LG전자 디오스 김치냉장고  402L 퓨어 1등급,2149800
삼성전자  김치냉장고  490L 더블실버 1등급,1695000
LG전자 오브제 컨버터블 스탠드형 김치냉장고  324L 실버 1등급,1524200
위니아딤채  스탠드형 김치냉장고  551L 딥실버,1793760
LG전자 오브제 컬렉션 김치냉장고  491L 블랙그레이 1등급,2997000
LG전자 디오스 김치냉장고  402L 샤이니 사피아노 1등급,2297000
위니아딤채 김치냉장고  330L 베이지 세레니티,1107440
LG전자 오브제 컬렉션 김치냉장고  491L 베이지핑크 1등급,3087000
LG전자 디오스 김치냉장고  327L 퓨어 1등급,1717400
LG전자 오브제 컬렉션 김치냉장고  324L 클레이브라운 1등급,1515000
위니아딤채 김치냉장고  428L 크림 1등급,1847120
LG전자 오브제 컬렉션 무선 청소기  카밍베이지,1025800
아이닉  무선 청소기 I20 물걸레 키트,168840
LG전자 코드제로 M9 오브제컬렉션  물걸레 청소기 ,592480
일렉트로룩스 퓨어Q9 무선 스틱청소기 ,226080
LG전자 슈퍼 싸이킹 진공 청소기 ,250920
LG전자 싸이킹 파워 진공 청소기  샤이니 실버 H13헤파필터 칼형 솔형 흡입구 ,178240
신일 트윈회전 스팀 물걸레 청소기  330ml물통 스팀 강약조절,106480
휴스톰 <패드특별구성>무선 듀얼 스핀 물걸레 청소기 ,180080
LG전자 코드제로 A9S 올인원타워 무선 청소기  풀블랙,852600
일렉트로룩스 2중싸이클론 진공 청소기   H12헤파필터 1.8L대용량,97280
삼성전자  파워모션 진공 청소기 ,85320
LG전자 오브제컬렉션 무선 청소기  카밍그린,1025800
에코백스 현빈 로봇청소기 에코백스 T9 오토엠티스테이션,643440
LG전자 코드제로 R9 오브제 로봇 청소기  카밍베이지,1137800
삼성전자  비스포크 제트 210W 무선 청소기  미스티 화이트,557280
LG전자 코드제로 R9 오브제 로봇 청소기  카밍그린,1137800
 차이슨 무선 청소기 I20 엘리트 물걸레 키트,125640
LG전자 슈퍼 싸이킹Ⅲ 주니어 진공 청소기  스파클 레드,250920
LG전자 대용량 업소용 청소기 ,198480
LG전자 코드제로 M9 오브제컬렉션  물걸레 청소기 ,592480
디베아  차이슨 무선청소기 올뉴 폴라나이트 그레이 미드나이트 블랙,207240
LG전자 코드제로 A9 무선 청소기 ,502080
레이캅  무선 침구청소기  펫,152480
LG전자 코드제로 이지 스틱 청소기 ,318080
삼성전자  제트 무선 청소기  청정스테이션 세트 W,435160
LG전자 코드제로 M9 인공지능 물걸레 로봇청소기 ,546480
디베아  차이슨 무선청소기 올뉴 폴라나이트 그레이 미드나이트 블랙,207240
신일 업소용 청소기  헤파필터 이동식 바퀴 코드릴기능,78880
일렉트로룩스 WELL Q6 스틱 청소기 ,180080
일렉트로룩스 에르고라피도 파워프로 스틱 청소기 ,170880
엠지텍  진공 물걸레 로봇 청소기 트윈보스 S9 PRO 마스터 LDS센서  소모품,495240
일렉트로룩스 핸디 청소기 ,106480
신일 2in1 싸이클론 유선 청소기 ,35395
디베아  차이슨 무선 청소기   거치대 최대 진공도 ,159240
신일 멀티 싸이클론 무선 청소기  BLDC모터,168840
일렉트로룩스 핸디청소기 ,78880
삼성전자  제트 무선 청소기  청정스테이션 세트 C,518880
로보락 ★다운로드쿠폰가 899천원★ 로봇 청소기 로보락 S7 plus 오토엠티도크 세트,896000
일렉트로룩스 퓨어 Q9 파워프로 무선 청소기 ,364080
삼성전자 파워스틱 무선 청소기  뉴트럴 그레이,189280
